ZIP, Email, FirstName, City, $revision, Updated_by, Updated_datetime, Created_datetime, StreetAddress, State, Phone, Record_number, Created_by, LastName, $id
, abaile0@addtoany.com, Alexandros, Sidamukti, 1, erica@kintone.com, 2022-07-07T20:05:00Z, 2022-07-07T20:05:00Z, 0454 Vernon Trail, , 674-528-3153, 1, erica@kintone.com, Baile, 1, 
, gwomack1@mayoclinic.com, Gilly, Wenchun, 1, erica@kintone.com, 2022-07-07T20:05:00Z, 2022-07-07T20:05:00Z, 46 Anzinger Way, , 709-125-6734, 2, erica@kintone.com, Womack, 2, 
666733, dmedlin2@ucla.edu, Darcie, Cherëmushki, 1, erica@kintone.com, 2022-07-07T20:05:00Z, 2022-07-07T20:05:00Z, 90 Memorial Alley, , 551-455-1702, 3, erica@kintone.com, Medlin, 3, 
181000, kley3@miitbeian.gov.cn, Keary, Plyussa, 1, erica@kintone.com, 2022-07-07T20:05:00Z, 2022-07-07T20:05:00Z, 67 John Wall Avenue, , 983-187-3103, 4, erica@kintone.com, Ley, 4, 
5420, skealy4@yelp.com, Sig, Caronoan West, 1, erica@kintone.com, 2022-07-07T20:05:00Z, 2022-07-07T20:05:00Z, 626 Green Court, , 758-753-8228, 5, erica@kintone.com, Kealy, 5, 
, ryoskowitz5@smh.com.au, Roosevelt, Chimen, 1, erica@kintone.com, 2022-07-07T20:05:00Z, 2022-07-07T20:05:00Z, 348 2nd Hill, , 434-345-8378, 6, erica@kintone.com, Yoskowitz, 6, 
, amcguiney6@comcast.net, Adeline, Baoxing, 1, erica@kintone.com, 2022-07-07T20:05:00Z, 2022-07-07T20:05:00Z, 3420 Lukken Court, , 426-353-3657, 7, erica@kintone.com, McGuiney, 7, 
6814, kdoeg7@flavors.me, Karen, Los Arcos, 1, erica@kintone.com, 2022-07-07T20:05:00Z, 2022-07-07T20:05:00Z, 7 Becker Street, , 351-405-3538, 8, erica@kintone.com, Doeg, 8, 
, omoar8@berkeley.edu, Ofilia, Lebu, 1, erica@kintone.com, 2022-07-07T20:05:00Z, 2022-07-07T20:05:00Z, 39 Hauk Hill, , 932-419-8989, 9, erica@kintone.com, Moar, 9, 
9024, ioloshin9@nba.com, Isaac, Győr, 1, erica@kintone.com, 2022-07-07T20:05:00Z, 2022-07-07T20:05:00Z, 96007 Randy Circle, GS, 294-568-3137, 10, erica@kintone.com, Oloshin, 10, 
, nkharchinskia@google.com, Nanete, Prozor, 1, erica@kintone.com, 2022-07-07T20:05:00Z, 2022-07-07T20:05:00Z, 81041 Swallow Park, , 248-164-1181, 11, erica@kintone.com, Kharchinski, 11, 
, cweichb@yahoo.com, Claybourne, Ciawi, 1, erica@kintone.com, 2022-07-07T20:05:00Z, 2022-07-07T20:05:00Z, 6820 Bashford Way, , 468-796-6196, 12, erica@kintone.com, Weich, 12, 
78490, smarrc@google.nl, Shannen, San Francisco, 1, erica@kintone.com, 2022-07-07T20:05:00Z, 2022-07-07T20:05:00Z, 74490 Ridgeway Hill, SLP, 641-991-0210, 13, erica@kintone.com, Marr, 13, 
56900-000, mbeeverd@google.cn, Maje, Serra Talhada, 1, erica@kintone.com, 2022-07-07T20:05:00Z, 2022-07-07T20:05:00Z, 0 Gerald Alley, , 878-584-6772, 14, erica@kintone.com, Beever, 14, 
, qdelucae@hatena.ne.jp, Querida, Semarang, 1, erica@kintone.com, 2022-07-07T20:05:00Z, 2022-07-07T20:05:00Z, 92 Myrtle Drive, , 824-899-5213, 15, erica@kintone.com, Deluca, 15, 
, mboggsf@nbcnews.com, Mariann, Staryy Saltiv, 1, erica@kintone.com, 2022-07-07T20:05:00Z, 2022-07-07T20:05:00Z, 4 Mendota Avenue, , 353-200-6176, 16, erica@kintone.com, Boggs, 16, 
94101, ycleatorg@php.net, York, Kunri, 1, erica@kintone.com, 2022-07-07T20:05:00Z, 2022-07-07T20:05:00Z, 275 Dixon Junction, , 472-234-4816, 17, erica@kintone.com, Cleator, 17, 
, jmilliereh@dot.gov, Jessalyn, Al Jarādīyah, 1, erica@kintone.com, 2022-07-07T20:05:00Z, 2022-07-07T20:05:00Z, 85 Forster Center, , 524-309-4769, 18, erica@kintone.com, Milliere, 18, 
, dtabereri@jiathis.com, Diena, Soanindrariny, 1, erica@kintone.com, 2022-07-07T20:05:00Z, 2022-07-07T20:05:00Z, 85024 Forest Dale Place, , 596-114-5595, 19, erica@kintone.com, Taberer, 19, 
, cbelchemj@sun.com, Carlie, Maumere, 1, erica@kintone.com, 2022-07-07T20:05:00Z, 2022-07-07T20:05:00Z, 819 Montana Plaza, , 354-259-2113, 20, erica@kintone.com, Belchem, 20, 
, leglingtonk@plala.or.jp, Lion, Sandaoba, 1, erica@kintone.com, 2022-07-07T20:05:00Z, 2022-07-07T20:05:00Z, 18921 Buena Vista Park, , 200-696-2477, 21, erica@kintone.com, Eglington, 21, 
691 54, bayerstl@vistaprint.com, Borden, Týnec, 1, erica@kintone.com, 2022-07-07T20:05:00Z, 2022-07-07T20:05:00Z, 7 Rowland Terrace, , 580-170-3093, 22, erica@kintone.com, Ayerst, 22, 
, rbramahm@pagesperso-orange.fr, Roselle, Chowṉêy, 1, erica@kintone.com, 2022-07-07T20:05:00Z, 2022-07-07T20:05:00Z, 75578 Briar Crest Crossing, , 420-894-3469, 23, erica@kintone.com, Bramah, 23, 
, jhammn@yahoo.co.jp, Justin, Gunungbatu, 1, erica@kintone.com, 2022-07-07T20:05:00Z, 2022-07-07T20:05:00Z, 06410 Forest Road, , 837-108-2169, 24, erica@kintone.com, Hamm, 24, 
, cbunhillo@telegraph.co.uk, Claudio, Jīma, 1, erica@kintone.com, 2022-07-07T20:05:00Z, 2022-07-07T20:05:00Z, 802 Melody Circle, , 739-157-9318, 25, erica@kintone.com, Bunhill, 25, 
796-8008, mhogsdenp@opera.com, Mildred, Ikata-chō, 1, erica@kintone.com, 2022-07-07T20:05:00Z, 2022-07-07T20:05:00Z, 96 Hansons Junction, , 297-385-8737, 26, erica@kintone.com, Hogsden, 26, 
62-096, cangellq@blogger.com, Conny, Murowana Goślina, 1, erica@kintone.com, 2022-07-07T20:05:00Z, 2022-07-07T20:05:00Z, 31 Meadow Vale Hill, , 791-581-9711, 27, erica@kintone.com, Angell, 27, 
, sparkeyr@tumblr.com, Sallee, Eisen, 1, erica@kintone.com, 2022-07-07T20:05:00Z, 2022-07-07T20:05:00Z, 1764 Birchwood Terrace, , 541-337-4254, 28, erica@kintone.com, Parkey, 28, 
, ddemezas@bloglovin.com, Daisi, Belajen, 1, erica@kintone.com, 2022-07-07T20:05:00Z, 2022-07-07T20:05:00Z, 8 Schlimgen Point, , 278-234-2447, 29, erica@kintone.com, Demeza, 29, 
, tcaserit@is.gd, Trista, Jalqamūs, 1, erica@kintone.com, 2022-07-07T20:05:00Z, 2022-07-07T20:05:00Z, 06468 Hanson Point, , 139-858-1086, 30, erica@kintone.com, Caseri, 30, 
35538 CEDEX, sairetonu@dagondesign.com, Simone, Noyal-sur-Vilaine, 1, erica@kintone.com, 2022-07-07T20:05:00Z, 2022-07-07T20:05:00Z, 7 Carpenter Lane, A2, 159-538-5898, 31, erica@kintone.com, Aireton, 31, 
, mdinsmorev@addtoany.com, Maryanna, Mamu, 1, erica@kintone.com, 2022-07-07T20:05:00Z, 2022-07-07T20:05:00Z, 119 La Follette Way, , 740-511-3083, 32, erica@kintone.com, Dinsmore, 32, 
, cbramsomw@com.com, Cordie, Mersam, 1, erica@kintone.com, 2022-07-07T20:05:00Z, 2022-07-07T20:05:00Z, 704 Division Street, , 225-578-2867, 33, erica@kintone.com, Bramsom, 33, 
3503, kbilamx@deliciousdays.com, Karol, Gammad, 1, erica@kintone.com, 2022-07-07T20:05:00Z, 2022-07-07T20:05:00Z, 08409 Service Drive, , 919-201-0048, 34, erica@kintone.com, Bilam, 34, 
, kgrimditchy@163.com, Karry, Pigí, 1, erica@kintone.com, 2022-07-07T20:05:00Z, 2022-07-07T20:05:00Z, 4421 Independence Lane, , 593-757-7747, 35, erica@kintone.com, Grimditch, 35, 
, nsacchettiz@tripadvisor.com, Nancy, Cipari, 1, erica@kintone.com, 2022-07-07T20:05:00Z, 2022-07-07T20:05:00Z, 9 Golf Course Lane, , 624-339-0154, 36, erica@kintone.com, Sacchetti, 36, 
89355, sasipenko10@pen.io, Stephana, Magdaleno Aguilar, 1, erica@kintone.com, 2022-07-07T20:05:00Z, 2022-07-07T20:05:00Z, 70 Mariners Cove Lane, TAM, 354-207-6477, 37, erica@kintone.com, Asipenko, 37, 
, jsandiford11@mtv.com, Josy, Makrychóri, 1, erica@kintone.com, 2022-07-07T20:05:00Z, 2022-07-07T20:05:00Z, 626 Briar Crest Park, , 622-540-6395, 38, erica@kintone.com, Sandiford, 38, 
431 41, cbaelde12@psu.edu, Cristin, Údlice, 1, erica@kintone.com, 2022-07-07T20:05:00Z, 2022-07-07T20:05:00Z, 420 Northport Court, , 596-561-7874, 39, erica@kintone.com, Baelde, 39, 
78-301, ekanwell13@youtu.be, Esther, Świdwin, 1, erica@kintone.com, 2022-07-07T20:05:00Z, 2022-07-07T20:05:00Z, 34827 Cambridge Crossing, , 201-690-9103, 40, erica@kintone.com, Kanwell, 40, 
3510-868, tbambery14@cisco.com, Therine, Vila Chã do Monte, 1, erica@kintone.com, 2022-07-07T20:05:00Z, 2022-07-07T20:05:00Z, 47860 Briar Crest Court, 18, 240-786-1848, 41, erica@kintone.com, Bambery, 41, 
, jsample15@engadget.com, Janina, Chalchuapa, 1, erica@kintone.com, 2022-07-07T20:05:00Z, 2022-07-07T20:05:00Z, 71 Becker Terrace, , 192-971-4867, 42, erica@kintone.com, Sample, 42, 
, vjozsef16@state.gov, Vivyanne, Huanxi, 1, erica@kintone.com, 2022-07-07T20:05:00Z, 2022-07-07T20:05:00Z, 32 Montana Court, , 858-643-2349, 43, erica@kintone.com, Jozsef, 43, 
, mmates17@pinterest.com, Meade, Panineungan, 1, erica@kintone.com, 2022-07-07T20:05:00Z, 2022-07-07T20:05:00Z, 54 Larry Avenue, , 424-388-7673, 44, erica@kintone.com, Mates, 44, 
, kivamy18@oakley.com, Kate, Soio, 1, erica@kintone.com, 2022-07-07T20:05:00Z, 2022-07-07T20:05:00Z, 02 Bay Trail, , 650-459-7829, 45, erica@kintone.com, Ivamy, 45, 
4490-204, dgullen19@java.com, Dasi, Argivai, 1, erica@kintone.com, 2022-07-07T20:05:00Z, 2022-07-07T20:05:00Z, 3710 Goodland Park, 13, 952-596-7947, 46, erica@kintone.com, Gullen, 46, 
56-200, jpigny1a@tinyurl.com, Jermayne, Góra, 1, erica@kintone.com, 2022-07-07T20:05:00Z, 2022-07-07T20:05:00Z, 454 Luster Drive, , 585-546-6436, 47, erica@kintone.com, Pigny, 47, 
, bfranzetti1b@icio.us, Birgitta, Newala Kisimani, 1, erica@kintone.com, 2022-07-07T20:05:00Z, 2022-07-07T20:05:00Z, 9579 Meadow Valley Trail, , 720-417-6406, 48, erica@kintone.com, Franzetti, 48, 
12437, awipper1c@guardian.co.uk, Audrye, Berlin, 1, erica@kintone.com, 2022-07-07T20:05:00Z, 2022-07-07T20:05:00Z, 027 Banding Drive, BE, 162-483-6824, 49, erica@kintone.com, Wipper, 49, 
55460-000, bkyteley1d@aol.com, Baldwin, Cupira, 1, erica@kintone.com, 2022-07-07T20:05:00Z, 2022-07-07T20:05:00Z, 769 Holy Cross Place, , 492-964-5475, 50, erica@kintone.com, Kyteley, 50, 
09000-000, lculligan1e@netlog.com, Lynn, Santo André, 1, erica@kintone.com, 2022-07-07T20:05:00Z, 2022-07-07T20:05:00Z, 09 Southridge Avenue, , 251-823-5192, 51, erica@kintone.com, Culligan, 51, 
, fbembridge1f@spotify.com, Filia, Jietou, 1, erica@kintone.com, 2022-07-07T20:05:00Z, 2022-07-07T20:05:00Z, 571 Erie Pass, , 112-217-5803, 52, erica@kintone.com, Bembridge, 52, 
18160-000, msquires1g@nba.com, Marilin, Salto de Pirapora, 1, erica@kintone.com, 2022-07-07T20:05:00Z, 2022-07-07T20:05:00Z, 3452 Dunning Lane, , 330-308-3457, 53, erica@kintone.com, Squires, 53, 
554 46, hsawford1h@comcast.net, Humfrid, Jönköping, 1, erica@kintone.com, 2022-07-07T20:05:00Z, 2022-07-07T20:05:00Z, 39783 Stephen Center, F, 143-748-8331, 54, erica@kintone.com, Sawford, 54, 
4201, jitchingham1i@google.fr, Jocko, Calumpang, 1, erica@kintone.com, 2022-07-07T20:05:00Z, 2022-07-07T20:05:00Z, 70 Corben Terrace, , 248-345-4426, 55, erica@kintone.com, Itchingham, 55, 
8904, mlynes1j@ox.ac.uk, Martino, Leeuwarden, 1, erica@kintone.com, 2022-07-07T20:05:00Z, 2022-07-07T20:05:00Z, 1 Union Road, 02, 710-455-3757, 56, erica@kintone.com, Lynes, 56, 
, rduling1k@studiopress.com, Rikki, Adil Makmur, 1, erica@kintone.com, 2022-07-07T20:05:00Z, 2022-07-07T20:05:00Z, 88585 Pierstorff Parkway, , 484-299-0747, 57, erica@kintone.com, Duling, 57, 
Y25, dpitman1l@wufoo.com, Deanne, Kilcullen, 1, erica@kintone.com, 2022-07-07T20:05:00Z, 2022-07-07T20:05:00Z, 997 Clyde Gallagher Point, , 995-408-0154, 58, erica@kintone.com, Pitman, 58, 
6337, pimesen1m@aol.com, Pedro, De la Paz, 1, erica@kintone.com, 2022-07-07T20:05:00Z, 2022-07-07T20:05:00Z, 9470 Rowland Avenue, , 752-592-0215, 59, erica@kintone.com, Imesen, 59, 
, jspringtorpe1n@com.com, Johnette, Zaranj, 1, erica@kintone.com, 2022-07-07T20:05:00Z, 2022-07-07T20:05:00Z, 63085 Veith Point, , 504-227-1458, 60, erica@kintone.com, Springtorpe, 60, 
, aauchinleck1o@clickbank.net, Anderea, Ḩalwān, 1, erica@kintone.com, 2022-07-07T20:05:00Z, 2022-07-07T20:05:00Z, 24061 Rigney Drive, , 365-884-9529, 61, erica@kintone.com, Auchinleck, 61, 
04011, cduval1p@hostgator.com, Conn, Patzicía, 1, erica@kintone.com, 2022-07-07T20:05:00Z, 2022-07-07T20:05:00Z, 0850 Sundown Drive, , 672-362-8082, 62, erica@kintone.com, Duval, 62, 
13006, elucian1q@flickr.com, Edsel, San Pedro Necta, 1, erica@kintone.com, 2022-07-07T20:05:00Z, 2022-07-07T20:05:00Z, 4 Lukken Lane, , 993-442-7204, 63, erica@kintone.com, Lucian, 63, 
, gaddie1r@wordpress.com, Gregoor, Ketangi, 1, erica@kintone.com, 2022-07-07T20:05:00Z, 2022-07-07T20:05:00Z, 5 East Center, , 599-104-0511, 64, erica@kintone.com, Addie, 64, 
, sspencers1s@google.ca, Shauna, Outing, 1, erica@kintone.com, 2022-07-07T20:05:00Z, 2022-07-07T20:05:00Z, 7 Dovetail Plaza, , 324-983-1862, 65, erica@kintone.com, Spencers, 65, 
162 55, ajeakins1t@csmonitor.com, Adrien, Vällingby, 1, erica@kintone.com, 2022-07-07T20:05:00Z, 2022-07-07T20:05:00Z, 25737 Hauk Court, AB, 921-376-5332, 66, erica@kintone.com, Jeakins, 66, 
92077 CEDEX, pyole1u@dyndns.org, Patten, Paris La Défense, 1, erica@kintone.com, 2022-07-07T20:05:00Z, 2022-07-07T20:05:00Z, 3 Rockefeller Street, A8, 841-828-0245, 67, erica@kintone.com, Yole, 67, 
, cfoad1v@sphinn.com, Cross, Yangyong, 1, erica@kintone.com, 2022-07-07T20:05:00Z, 2022-07-07T20:05:00Z, 61 Warner Trail, , 814-512-9961, 68, erica@kintone.com, Foad, 68, 
, wdudding1w@imageshack.us, Willem, Karangcombong, 1, erica@kintone.com, 2022-07-07T20:05:00Z, 2022-07-07T20:05:00Z, 8012 Veith Drive, , 245-356-8292, 69, erica@kintone.com, Dudding, 69, 
, cdevere1x@icq.com, Camel, Baibu, 1, erica@kintone.com, 2022-07-07T20:05:00Z, 2022-07-07T20:05:00Z, 335 Bashford Avenue, , 286-785-7761, 70, erica@kintone.com, De Vere, 70, 
, sleare1y@domainmarket.com, Sterne, Perivóli, 1, erica@kintone.com, 2022-07-07T20:05:00Z, 2022-07-07T20:05:00Z, 74 Columbus Terrace, , 979-163-2987, 71, erica@kintone.com, Leare, 71, 
43120, myeliashev1z@springer.com, Micky, Fao Rai, 1, erica@kintone.com, 2022-07-07T20:05:00Z, 2022-07-07T20:05:00Z, 91187 Bunting Avenue, , 691-967-3183, 72, erica@kintone.com, Yeliashev, 72, 
34-330, jdonnachie20@globo.com, Jeffry, Żywiec, 1, erica@kintone.com, 2022-07-07T20:05:00Z, 2022-07-07T20:05:00Z, 0756 Haas Terrace, , 358-703-6952, 73, erica@kintone.com, Donnachie, 73, 
, trubanenko21@so-net.ne.jp, Tobin, Dapeng, 1, erica@kintone.com, 2022-07-07T20:05:00Z, 2022-07-07T20:05:00Z, 346 Birchwood Place, , 117-450-3691, 74, erica@kintone.com, Rubanenko, 74, 
31106, ggrief22@hubpages.com, Guenna, Atlanta, 1, erica@kintone.com, 2022-07-07T20:05:00Z, 2022-07-07T20:05:00Z, 7874 Rutledge Way, GA, 404-400-1000, 75, erica@kintone.com, Grief, 75, 
5070-227, scasey23@examiner.com, Sonnnie, Castedo, 1, erica@kintone.com, 2022-07-07T20:05:00Z, 2022-07-07T20:05:00Z, 438 Evergreen Place, 17, 734-959-0661, 76, erica@kintone.com, Casey, 76, 
11808, rreubel24@slate.com, Roldan, Sabana Iglesia, 1, erica@kintone.com, 2022-07-07T20:05:00Z, 2022-07-07T20:05:00Z, 7 Northridge Avenue, , 436-846-7890, 77, erica@kintone.com, Reubel, 77, 
561 53, mwheway25@businessinsider.com, Magnum, Dolní Čermná, 1, erica@kintone.com, 2022-07-07T20:05:00Z, 2022-07-07T20:05:00Z, 6 Thierer Drive, , 193-604-1523, 78, erica@kintone.com, Wheway, 78, 
, bsargant26@boston.com, Beryl, Mersa Matruh, 1, erica@kintone.com, 2022-07-07T20:05:00Z, 2022-07-07T20:05:00Z, 5 Union Park, , 488-583-6950, 79, erica@kintone.com, Sargant, 79, 
39230, mcradey27@wordpress.com, Marna, San Miguel, 1, erica@kintone.com, 2022-07-07T20:05:00Z, 2022-07-07T20:05:00Z, 9 International Court, GRO, 182-894-4657, 80, erica@kintone.com, Cradey, 80, 
, lessery28@dot.gov, Lou, Kaltungo, 1, erica@kintone.com, 2022-07-07T20:05:00Z, 2022-07-07T20:05:00Z, 633 Amoth Place, , 468-968-4321, 81, erica@kintone.com, Essery, 81, 
33212, lbessant29@hatena.ne.jp, Loreen, Castillos, 2, erica@kintone.com, 2022-11-29T15:14:00Z, 2022-07-07T20:05:00Z, 48160 Muir Trail, CA, 846-933-6581, 82, erica@kintone.com, Bessant, 82, 
21322, hcoode2a@tmall.com, Helena, Hekou, 2, erica@kintone.com, 2022-11-29T15:14:00Z, 2022-07-07T20:05:00Z, 18 Coleman Plaza, CA, 816-821-4376, 83, erica@kintone.com, Coode, 83, 
433201, ieefting2b@meetup.com, Iseabal, Yazykovo, 2, erica@kintone.com, 2022-11-29T15:13:00Z, 2022-07-07T20:05:00Z, 01004 Eagan Alley, CA, 753-833-2087, 84, erica@kintone.com, Eefting, 84, 
22112, dtresler2c@cyberchimps.com, Dolly, Kampong Chhnang, 2, erica@kintone.com, 2022-11-29T15:13:00Z, 2022-07-07T20:05:00Z, 71829 Debra Avenue, TX, 864-486-8376, 85, erica@kintone.com, Tresler, 85, 
07700-000, cpetheridge2d@wikipedia.org, Chiquita, Caieiras, 2, erica@kintone.com, 2022-11-29T15:13:00Z, 2022-07-07T20:05:00Z, 1324 Buhler Point, TX, 895-237-5949, 86, erica@kintone.com, Petheridge, 86, 
11042, amegany2e@forbes.com, Alexandre, Damayan, 14, erica@kintone.com, 2022-11-29T16:35:00Z, 2022-07-07T20:05:00Z, 9 Warner Plaza, TX, 452-490-9630, 87, erica@kintone.com, Megany, 87, 
22112, crosedale2f@cbsnews.com, Carey, Krajan Gajihan, 3, erica@kintone.com, 2022-11-29T15:13:00Z, 2022-07-07T20:05:00Z, 327 Holy Cross Parkway, TX, 195-665-4519, 88, erica@kintone.com, Rosedale, 88, 
77065, ecaulkett2g@cam.ac.uk, Evered, Houston, 1, erica@kintone.com, 2022-07-07T20:05:00Z, 2022-07-07T20:05:00Z, 0441 Marquette Circle, TX, 832-922-4760, 89, erica@kintone.com, Caulkett, 89, 
8650-153, njeskin2h@cafepress.com, Nadine, Figueira, 1, erica@kintone.com, 2022-07-07T20:05:00Z, 2022-07-07T20:05:00Z, 5 Chinook Crossing, 08, 606-353-3705, 90, erica@kintone.com, Jeskin, 90, 
432 30, boller2i@posterous.com, Boone, Varberg, 1, erica@kintone.com, 2022-07-07T20:05:00Z, 2022-07-07T20:05:00Z, 4431 Elka Parkway, N, 521-122-1613, 91, erica@kintone.com, Oller, 91, 
22112, kbusch2j@free.fr, Kippar, Waihai, 3, erica@kintone.com, 2022-11-29T15:12:00Z, 2022-07-07T20:05:00Z, 894 Crescent Oaks Alley, VT, 110-217-7108, 92, erica@kintone.com, Busch, 92, 
11221, emalinowski2k@java.com, Elsey, Jiuzhen, 4, erica@kintone.com, 2022-11-29T15:12:00Z, 2022-07-07T20:05:00Z, 79 Tomscot Pass, NJ, 231-590-8948, 93, erica@kintone.com, Malinowski, 93, 
1228, rgrigorushkin2l@google.nl, Robers, Желино, 2, erica@kintone.com, 2022-07-07T20:06:00Z, 2022-07-07T20:05:00Z, 99 Atwood Way, NJ, 893-967-7953, 94, erica@kintone.com, Grigorushkin, 94, 
22222, ablasetti2m@merriam-webster.com, Aarika, Tangkil, 3, erica@kintone.com, 2022-11-29T15:11:00Z, 2022-07-07T20:05:00Z, 938 Susan Plaza, TX, 329-309-0121, 95, erica@kintone.com, Blasetti, 95, 
22222, ifotheringham2n@state.tx.us, Ileana, Huelkail, 3, erica@kintone.com, 2022-11-29T15:11:00Z, 2022-07-07T20:05:00Z, 479 Buena Vista Place, TX, 347-844-4050, 96, erica@kintone.com, Fotheringham, 96, 
11111, tborg2o@mashable.com, Tessi, Nobo, 3, erica@kintone.com, 2022-11-29T15:11:00Z, 2022-07-07T20:05:00Z, 4267 Lunder Circle, TX, 824-503-8938, 97, erica@kintone.com, Borg, 97, 
751 03, clendrem2p@marriott.com, Carmencita, Brodek u Přerova, 2, erica@kintone.com, 2022-07-07T20:05:00Z, 2022-07-07T20:05:00Z, 1 Redwing Trail, CA, 386-586-0355, 98, erica@kintone.com, Lendrem, 98, 
62411 CEDEX, lhibbart2q@unblog.fr, Leonora, Béthune, 2, erica@kintone.com, 2022-07-07T20:05:00Z, 2022-07-07T20:05:00Z, 40930 Miller Parkway, CA, 604-381-3650, 99, erica@kintone.com, Hibbart, 99, 
601144, gpolson2r@cornell.edu, Graehme, Petushki, 2, erica@kintone.com, 2022-07-07T20:05:00Z, 2022-07-07T20:05:00Z, 87799 Ridgeview Parkway, CA, 798-220-5580, 100, erica@kintone.com, Polson, 100, 
601144, gpolson2r@cornell.edu, Erica, Petushki, 2, erica@kintone.com, 2023-04-18T20:32:00Z, 2022-07-07T21:20:00Z, 303 Highway, CA, 798-220-5580, 101, erica@kintone.com, Butts, 101, 
